{
  "base": "br-base.json",
  "name": "gemmini-ort",
  "outputs": [
    "/output/resnet50_cpu_trace.json",
    "/output/resnet50_os_trace.json",
    "/output/resnet50_ws_trace.json",
    "/output/resnet50_cpu_out.txt",
    "/output/resnet50_os_out.txt",
    "/output/resnet50_ws_out.txt",
    "/output/resnet50_cpu_trace_nhwc.json",
    "/output/resnet50_os_trace_nhwc.json",
    "/output/resnet50_ws_trace_nhwc.json",
    "/output/resnet50_cpu_nhwc_out.txt",
    "/output/resnet50_os_nhwc_out.txt",
    "/output/resnet50_ws_nhwc_out.txt",
    "/output/googlenet_cpu_trace.json",
    "/output/googlenet_os_trace.json",
    "/output/googlenet_ws_trace.json",
    "/output/googlenet_cpu_out.txt",
    "/output/googlenet_os_out.txt",
    "/output/googlenet_ws_out.txt",
    "/output/googlenet_cpu_trace_nhwc.json",
    "/output/googlenet_os_trace_nhwc.json",
    "/output/googlenet_ws_trace_nhwc.json",
    "/output/googlenet_cpu_nhwc_out.txt",
    "/output/googlenet_os_nhwc_out.txt",
    "/output/googlenet_ws_nhwc_out.txt",
    "/output/mobilenet_cpu_trace.json",
    "/output/mobilenet_os_trace.json",
    "/output/mobilenet_ws_trace.json",
    "/output/mobilenet_cpu_out.txt",
    "/output/mobilenet_os_out.txt",
    "/output/mobilenet_ws_out.txt",
    "/output/mobilenet_cpu_trace_nhwc.json",
    "/output/mobilenet_os_trace_nhwc.json",
    "/output/mobilenet_ws_trace_nhwc.json",
    "/output/mobilenet_cpu_nhwc_out.txt",
    "/output/mobilenet_os_nhwc_out.txt",
    "/output/mobilenet_ws_nhwc_out.txt",
    "/output/mobilenet_optimized_cpu_trace.json",
    "/output/mobilenet_optimized_os_trace.json",
    "/output/mobilenet_optimized_ws_trace.json",
    "/output/mobilenet_optimized_cpu_out.txt",
    "/output/mobilenet_optimized_os_out.txt",
    "/output/mobilenet_optimized_ws_out.txt",
    "/output/mobilenet_optimized_cpu_trace_nhwc.json",
    "/output/mobilenet_optimized_os_trace_nhwc.json",
    "/output/mobilenet_optimized_ws_trace_nhwc.json",
    "/output/mobilenet_optimized_cpu_nhwc_out.txt",
    "/output/mobilenet_optimized_os_nhwc_out.txt",
    "/output/mobilenet_optimized_ws_nhwc_out.txt"
  ],
  "overlay": "../onnxruntime-riscv/systolic_runner/imagenet_runner",
  "rootfs-size": "1GiB",
  "run": "run-ort.sh"
}

